City_ID,City,Country,Lat,Lng,Max Temp,Humidity,Cloudiness,Wind Speed,Current Description
0,Puerto Ayora,EC,-0.7393,-90.3518,76.96,75,99,8.79,overcast clouds
1,Castro,BR,-24.7911,-50.0119,73.56,52,3,11.7,clear sky
2,Mataura,NZ,-46.1927,168.8643,39.47,88,100,3.51,overcast clouds
3,Hilo,US,19.7297,-155.09,84.27,99,100,1.01,overcast clouds
4,Gornopravdinsk,RU,60.05,69.9,52.0,93,100,10.94,overcast clouds
5,Illela,NG,13.7292,5.2975,97.93,23,49,8.77,scattered clouds
6,Tessalit,ML,20.1986,1.0114,105.08,8,37,8.81,scattered clouds
7,San Andres,CO,12.5847,-81.7006,87.82,74,40,11.5,scattered clouds
8,Natal,BR,-5.795,-35.2094,84.85,74,40,9.22,scattered clouds
9,Mgandu,TZ,-5.95,34.1333,68.32,52,97,4.41,overcast clouds
10,Hermanus,ZA,-34.4187,19.2345,57.78,59,25,9.1,scattered clouds
11,Punta Arenas,CL,-53.15,-70.9167,44.71,65,0,19.57,clear sky
12,Palmer,US,42.1584,-72.3287,78.15,43,19,1.99,few clouds
13,Saint-Philippe,RE,-21.3585,55.7679,71.19,63,84,14.05,broken clouds
14,Rikitea,PF,-23.1203,-134.9692,76.08,66,76,10.67,broken clouds
15,Bredasdorp,ZA,-34.5322,20.0403,52.86,59,11,7.31,few clouds
16,Ostrovnoy,RU,68.0531,39.5131,37.67,87,24,15.39,few clouds
17,Kapaa,US,22.0752,-159.319,75.18,97,100,7.09,overcast clouds
18,San Patricio,US,28.017,-97.5169,92.12,40,9,20.0,clear sky
19,Daund,IN,18.4667,74.6,79.74,63,0,18.92,clear sky
20,Ushuaia,AR,-54.8,-68.3,38.86,81,100,24.16,light intensity drizzle
21,Bluff,NZ,-46.6,168.3333,39.79,77,100,8.59,overcast clouds
22,Ryotsu,JP,38.0833,138.4333,62.01,88,12,3.65,few clouds
23,Kaitangata,NZ,-46.2817,169.8464,46.35,87,100,9.31,overcast clouds
24,Lasa,IT,46.6166,10.7002,51.37,88,98,3.09,overcast clouds
25,Caravelas,BR,-17.7125,-39.2481,78.46,72,54,6.8,broken clouds
26,Hithadhoo,MV,-0.6,73.0833,83.44,73,93,10.67,overcast clouds
27,Moose Factory,CA,51.2585,-80.6094,58.5,33,79,10.13,broken clouds
28,Lebu,CL,-37.6167,-73.65,49.06,61,75,13.65,broken clouds
29,Hobart,AU,-42.8794,147.3294,44.28,91,92,6.91,overcast clouds
30,Pisco,PE,-13.7,-76.2167,66.02,77,1,6.73,clear sky
31,Dhidhdhoo,MV,6.8833,73.1,82.6,76,100,14.25,overcast clouds
32,Chapais,CA,49.7834,-74.8492,64.33,22,11,12.33,few clouds
33,Saint George,US,37.1041,-113.5841,80.64,12,0,13.8,clear sky
34,Busselton,AU,-33.65,115.3333,54.91,75,100,5.28,overcast clouds
35,Cherskiy,RU,68.75,161.3,40.19,56,78,5.3,broken clouds
36,Vaini,TO,-21.2,-175.2,77.16,94,75,5.75,broken clouds
37,Krasnoselkup,RU,65.7,82.4667,43.0,62,0,17.13,clear sky
38,Albany,US,42.6001,-73.9662,77.77,42,10,3.24,clear sky
39,Moctezuma,MX,29.8,-109.6667,90.36,12,77,19.01,broken clouds
40,Yellowknife,CA,62.456,-114.3525,52.32,35,20,11.5,few clouds
41,Tasiilaq,GL,65.6145,-37.6368,36.32,99,100,6.67,overcast clouds
42,Hofn,IS,64.2539,-15.2082,47.95,75,5,9.08,clear sky
43,Havelock,US,34.8791,-76.9013,82.98,75,4,3.0,clear sky
44,Port Alfred,ZA,-33.5906,26.891,54.18,73,70,7.0,broken clouds
45,Norman Wells,CA,65.282,-126.8329,55.76,45,97,2.37,overcast clouds
46,Sortavala,RU,61.7053,30.6918,51.49,94,100,2.75,overcast clouds
47,Luganville,VU,-15.5333,167.1667,77.31,86,41,1.92,scattered clouds
48,Dikson,RU,73.5069,80.5464,24.53,96,47,4.76,scattered clouds
49,Atuona,PF,-9.8,-139.0333,78.17,75,22,18.63,few clouds
50,Taiyuan,CN,37.8694,112.5603,58.86,41,0,4.47,clear sky
51,Kalmunai,LK,7.4167,81.8167,80.8,74,96,10.89,overcast clouds
52,Butaritari,KI,3.0707,172.7902,81.79,68,100,15.19,overcast clouds
53,Mar Del Plata,AR,-38.0023,-57.5575,51.1,78,75,11.5,broken clouds
54,Mahebourg,MU,-20.4081,57.7,73.69,56,40,13.8,scattered clouds
55,Ponta Delgada,PT,37.7333,-25.6667,61.52,59,20,16.11,few clouds
56,Qaqortoq,GL,60.7167,-46.0333,39.24,81,69,7.09,broken clouds
57,Brumadinho,BR,-20.1433,-44.1997,80.02,37,0,5.59,clear sky
58,Ilulissat,GL,69.2167,-51.1,35.62,80,23,9.22,few clouds
59,Mulanur,IN,10.7667,77.7167,79.57,70,42,16.17,scattered clouds
60,Buala,SB,-8.145,159.5921,79.43,81,64,3.06,broken clouds
61,Tura,IN,25.5198,90.2201,73.02,86,0,3.8,clear sky
62,Barkly West,ZA,-28.5354,24.5215,51.62,54,0,11.45,clear sky
63,Okato,NZ,-39.2,173.8833,57.9,100,100,19.06,overcast clouds
64,Valparaiso,CL,-33.0393,-71.6273,57.43,63,0,10.36,clear sky
65,Umm Lajj,SA,25.0213,37.2685,83.88,49,0,5.77,clear sky
66,Muli,MV,2.9167,73.5667,83.68,73,80,12.95,moderate rain
67,Saint Pete Beach,US,27.7253,-82.7412,94.24,59,0,5.75,clear sky
68,Inhambane,MZ,-23.865,35.3833,71.58,83,0,9.22,clear sky
69,Nanortalik,GL,60.1432,-45.2371,40.57,80,80,10.49,broken clouds
70,Douglas,US,41.3,-96.167,85.93,51,0,23.02,clear sky
71,Maragogi,BR,-9.0122,-35.2225,79.72,82,62,9.24,light rain
72,Grindavik,IS,63.8424,-22.4338,54.07,82,40,9.22,fog
73,Barrow,US,71.2906,-156.7887,30.22,80,100,13.8,overcast clouds
74,Marzuq,YE,14.4,46.4667,80.55,39,91,7.27,overcast clouds
75,Arraial Do Cabo,BR,-22.9661,-42.0278,87.66,42,0,9.22,clear sky
76,Sale,MA,34.0389,-6.8166,72.64,70,21,13.15,few clouds
77,Cape Town,ZA,-33.9258,18.4232,57.61,68,40,6.91,scattered clouds
78,Lompoc,US,34.6391,-120.4579,79.02,69,5,21.99,clear sky
79,Bonfim,BR,3.0833,-59.95,86.56,58,63,5.48,broken clouds
80,Abha,SA,18.2164,42.5053,71.85,38,0,4.61,clear sky
81,Katsina,NG,12.9894,7.6006,98.26,13,52,9.13,broken clouds
82,Georgetown,MY,5.4112,100.3354,80.53,99,40,3.44,scattered clouds
83,Trussville,US,33.6198,-86.6089,87.3,49,20,11.5,few clouds
84,Hambantota,LK,6.1241,81.1185,79.63,83,100,15.43,overcast clouds
85,Ponta Do Sol,PT,32.6667,-17.1,70.0,85,98,10.89,light rain
86,Severnoye,RU,56.3491,78.3619,59.76,66,41,7.54,scattered clouds
87,Bilibino,RU,68.0546,166.4372,44.11,48,94,3.13,overcast clouds
88,Upernavik,GL,72.7868,-56.1549,31.55,82,17,14.43,few clouds
89,Eyl,SO,7.9803,49.8164,80.11,79,59,26.42,broken clouds
90,Obo,CF,5.3998,26.4869,69.31,95,75,7.0,moderate rain
91,Avarua,CK,-21.2078,-159.775,77.05,78,40,9.22,scattered clouds
92,Grand Gaube,MU,-20.0064,57.6608,71.38,62,0,4.0,clear sky
93,Talara,PE,-4.5772,-81.2719,75.96,57,0,14.97,clear sky
94,Taloqan,AF,36.7361,69.5345,66.18,40,1,1.07,clear sky
95,Iqaluit,CA,63.7506,-68.5145,32.7,80,100,11.01,overcast clouds
96,Kodiak,US,57.79,-152.4072,54.91,67,0,4.61,clear sky
97,Khovu-Aksy,RU,51.1333,93.6,56.68,78,99,3.76,overcast clouds
98,Norheimsund,NO,60.3709,6.1456,51.94,88,99,0.92,overcast clouds
99,Pilar,BR,-9.5972,-35.9567,82.33,82,67,7.63,broken clouds
100,Saint-Pierre,RE,-21.3393,55.4781,71.28,64,75,16.11,broken clouds
101,Bambous Virieux,MU,-20.3428,57.7575,71.22,57,45,19.8,scattered clouds
102,Oranjemund,NA,-28.55,16.4333,56.16,92,0,10.51,clear sky
103,Mayumba,GA,-3.432,10.6554,73.22,88,39,7.0,scattered clouds
104,Komsomolskiy,UZ,40.4272,71.7189,69.44,34,45,12.59,scattered clouds
105,Turukhansk,RU,65.8167,87.9833,46.72,68,30,9.51,light rain
106,Pitimbu,BR,-7.4706,-34.8086,79.56,82,76,8.48,moderate rain
107,Teahupoo,PF,-17.8333,-149.2667,73.36,69,32,8.63,scattered clouds
108,Oil City,US,41.4339,-79.7064,77.88,55,75,5.75,broken clouds
109,Novo Aripuana,BR,-5.1206,-60.3797,87.58,60,43,3.09,light rain
110,Carnarvon,AU,-24.8667,113.6333,67.59,41,100,22.46,overcast clouds
111,Craig,US,40.5153,-107.5464,44.55,87,100,4.61,overcast clouds
112,Narsaq,GL,60.9167,-46.05,42.62,75,49,7.7,scattered clouds
113,Kavieng,PG,-2.5744,150.7967,81.72,76,79,10.29,broken clouds
114,Ishigaki,JP,24.3448,124.1572,81.73,90,92,18.34,overcast clouds
115,Saldanha,ZA,-33.0117,17.9442,58.55,62,6,13.33,clear sky
116,Provideniya,RU,64.3833,-173.3,41.4,72,7,3.74,clear sky
117,Sechura,PE,-5.5569,-80.8222,75.69,59,19,9.78,few clouds
118,Faanui,PF,-16.4833,-151.75,80.38,72,17,14.03,few clouds
119,Nikolskoye,RU,59.7035,30.7861,55.78,83,69,4.16,broken clouds
120,Ziro,IN,27.6333,93.8333,56.17,97,43,1.12,scattered clouds
121,Ranong,TH,9.9658,98.6348,77.49,87,100,14.14,overcast clouds
122,Carutapera,BR,-1.195,-46.02,81.05,89,70,7.7,broken clouds
123,Manggar,ID,-2.8833,108.2667,80.55,78,15,1.68,few clouds
124,Toppenish,US,46.3774,-120.3087,68.02,43,85,16.08,overcast clouds
125,Chuy,UY,-33.6971,-53.4616,57.69,58,8,12.59,clear sky
126,Severo-Kurilsk,RU,50.6789,156.125,40.62,95,74,9.93,broken clouds
127,Port Elizabeth,ZA,-33.918,25.5701,53.1,87,75,23.02,light intensity shower rain
128,Clyde River,CA,70.4692,-68.5914,28.99,60,15,8.14,few clouds
129,Paracuru,BR,-3.41,-39.0306,82.11,72,38,10.13,scattered clouds
130,Hanahan,US,32.9185,-80.022,87.94,60,40,12.66,scattered clouds
131,Charters Towers,AU,-20.1,146.2667,61.3,59,79,6.26,broken clouds
132,Ulaangom,MN,49.9811,92.0667,67.15,52,86,4.03,overcast clouds
133,Comodoro Rivadavia,AR,-45.8667,-67.5,46.26,49,40,23.02,scattered clouds
134,Kilindoni,TZ,-7.9139,39.6668,80.01,70,7,15.84,clear sky
135,Shelburne,CA,44.0787,-80.2041,72.3,69,64,9.28,broken clouds
136,Porto De Moz,BR,-1.7483,-52.2383,82.78,79,36,3.04,scattered clouds
137,Zhigansk,RU,66.7697,123.3711,32.04,92,44,17.31,scattered clouds
138,Kasongo-Lunda,CD,-6.4667,16.8167,77.18,71,55,1.41,broken clouds
139,Laguna,US,38.421,-121.4238,72.32,34,0,16.11,clear sky
140,Matehuala,MX,23.65,-100.65,82.92,26,0,3.65,clear sky
141,Rio Gallegos,AR,-51.6226,-69.2181,46.45,53,20,24.16,few clouds
142,Uvalde,US,29.3669,-99.767,90.32,51,0,16.11,clear sky
143,Hualmay,PE,-11.0964,-77.6139,67.82,69,34,11.16,scattered clouds
144,Harlingen,US,26.1906,-97.6961,91.89,59,20,24.16,few clouds
145,Flinders,AU,-34.5833,150.8552,51.19,70,7,5.99,clear sky
146,Jamestown,US,42.097,-79.2353,76.01,54,40,4.61,scattered clouds
147,Sinnamary,GF,5.3833,-52.95,80.4,85,55,9.62,broken clouds
148,Safranbolu,TR,41.2508,32.6942,64.02,74,20,2.62,few clouds
149,Ribeira Grande,PT,38.5167,-28.7,63.0,59,40,20.71,scattered clouds
150,Oistins,BB,13.0667,-59.5333,86.09,66,75,17.27,broken clouds
151,Gimli,CA,50.6336,-96.9907,53.44,98,100,11.21,moderate rain
152,Avera,US,33.194,-82.5271,88.56,41,19,4.47,few clouds
153,Sasykoli,RU,47.5515,46.9968,70.32,39,0,8.5,clear sky
154,Kuytun,RU,54.3419,101.5036,45.14,44,23,2.26,few clouds
155,Port-Gentil,GA,-0.7193,8.7815,76.1,81,9,16.44,clear sky
156,Egvekinot,RU,66.3167,-179.1667,34.03,85,100,3.83,overcast clouds
157,Longyearbyen,SJ,78.2186,15.6401,48.04,71,0,11.5,clear sky
158,Yarkovo,RU,57.4028,67.0786,55.15,74,8,11.21,clear sky
159,Khatanga,RU,71.9667,102.5,30.99,85,45,11.16,scattered clouds
160,Muroto,JP,33.2833,134.15,69.98,81,27,8.48,scattered clouds
161,Poya,NC,-21.35,165.15,70.57,87,31,2.51,scattered clouds
162,Ixtapa,MX,20.7,-105.2,81.63,69,40,9.22,scattered clouds
163,New Norfolk,AU,-42.7826,147.0587,43.92,87,71,2.35,broken clouds
164,La Crosse,US,43.8014,-91.2396,75.13,76,0,18.41,clear sky
165,Harper,LR,4.375,-7.7169,81.37,79,58,7.65,broken clouds
166,Ishimbay,RU,53.4545,56.0415,57.13,88,81,3.49,broken clouds
167,Arnprior,CA,45.4334,-76.3494,79.41,50,82,2.62,broken clouds
168,Callaway,US,30.153,-85.5699,86.97,67,6,7.0,clear sky
169,Kathu,TH,7.9178,98.3332,86.76,67,100,13.09,overcast clouds
170,Shwebo,MM,22.5667,95.7,82.17,70,1,11.18,clear sky
171,Walvis Bay,NA,-22.9575,14.5053,58.08,71,0,16.28,clear sky
172,Gerash,IR,27.6652,54.1371,79.97,8,0,8.34,clear sky
173,Miramar,US,25.9873,-80.2323,91.99,63,0,10.36,thunderstorm
174,Leningradskiy,RU,69.3833,178.4167,32.13,89,78,2.35,broken clouds
175,Bairiki,KI,1.3292,172.9752,80.6,78,20,9.22,few clouds
176,Plastun,RU,44.7561,136.2939,46.63,95,71,3.06,broken clouds
177,Tarakan,ID,3.3,117.6333,77.99,86,31,10.42,scattered clouds
178,Tuatapere,NZ,-46.1333,167.6833,45.01,81,100,4.63,overcast clouds
179,Navirai,BR,-23.065,-54.1906,85.53,48,0,9.28,clear sky
180,Bratsk,RU,56.1325,101.6142,46.89,51,31,1.86,scattered clouds
181,Kismayo,SO,-0.3582,42.5454,79.16,76,15,13.76,few clouds
182,Torbay,CA,47.6666,-52.7314,50.59,97,100,12.73,overcast clouds
183,Tuktoyaktuk,CA,69.4541,-133.0374,35.6,87,100,8.05,light snow
184,Coahuayana,MX,18.7333,-103.6833,90.39,44,40,7.56,scattered clouds
185,Amot,NO,59.5714,7.9877,41.32,95,100,2.59,overcast clouds
186,Mayo,US,38.8876,-76.5119,85.21,59,20,8.05,few clouds
187,Klaksvik,FO,62.2266,-6.589,41.92,84,99,27.4,overcast clouds
188,Badou,TG,7.5833,0.6,78.22,86,49,4.63,light rain
189,Necochea,AR,-38.5473,-58.7368,48.58,66,89,19.15,overcast clouds
190,Souillac,MU,-20.5167,57.5167,73.83,58,75,19.75,broken clouds
191,Russell,US,32.3502,-85.1999,87.4,36,3,5.95,clear sky
192,Swinoujscie,PL,53.9105,14.2471,57.18,68,100,6.85,overcast clouds
193,Barcelos,PT,41.5388,-8.6151,70.84,70,72,4.81,broken clouds
194,Sur,OM,22.5667,59.5289,88.05,60,0,11.83,clear sky
195,Ongandjera,NA,-17.8833,15.0667,71.38,24,0,5.97,clear sky
196,Bengkulu,ID,-3.8004,102.2655,75.81,91,50,5.32,scattered clouds
197,Yar-Sale,RU,66.8333,70.8333,38.61,63,3,19.91,clear sky
198,Cabedelo,BR,-6.9811,-34.8339,79.7,83,57,9.48,broken clouds
199,Sayyan,YE,15.1718,44.3244,67.98,21,80,8.81,broken clouds
200,Fairbanks,US,64.8378,-147.7164,65.48,53,20,5.75,few clouds
201,Mathbaria,BD,22.2876,89.9593,79.32,77,96,3.56,overcast clouds
202,Thompson,CA,55.7435,-97.8558,57.36,67,100,11.5,overcast clouds
203,East London,ZA,-33.0153,27.9116,59.94,59,30,23.22,scattered clouds
204,Aripuana,BR,-9.1667,-60.6333,88.38,52,77,0.85,broken clouds
205,Padang,ID,-0.9492,100.3543,76.42,88,39,4.54,scattered clouds
206,Ancud,CL,-41.8697,-73.8203,46.98,64,80,1.16,broken clouds
207,Cabo San Lucas,MX,22.8909,-109.9124,87.62,71,0,6.91,clear sky
208,Matay,EG,28.419,30.7792,90.23,11,0,10.76,clear sky
209,Macia,MZ,-25.0269,33.0989,67.57,64,0,7.02,clear sky
210,Mackenzie,CA,55.2999,-123.1698,49.14,75,100,7.27,overcast clouds
211,Colquechaca,BO,-18.6667,-66.0167,47.17,16,38,17.27,scattered clouds
212,Hami,CN,42.8,93.45,79.36,12,0,9.62,clear sky
213,Olafsvik,IS,64.8945,-23.7142,52.63,76,23,4.25,few clouds
214,Yarmouth,US,41.7057,-70.2286,78.15,62,0,6.91,clear sky
215,Bethel,US,41.3712,-73.414,78.04,52,40,5.75,scattered clouds
216,Taoudenni,ML,22.6783,-3.9836,107.11,12,18,15.32,few clouds
217,Codrington,AU,-38.2667,141.9667,49.78,60,82,12.39,broken clouds
218,Atar,MR,20.5169,-13.0499,98.24,20,99,2.75,overcast clouds
219,Bandarbeyla,SO,9.4942,50.8122,79.57,85,31,28.74,scattered clouds
220,Qaanaaq,GL,77.484,-69.3632,26.87,63,100,9.78,overcast clouds
221,Vilhena,BR,-12.7406,-60.1458,80.6,58,52,2.1,broken clouds
222,Mogadishu,SO,2.0371,45.3438,79.34,78,38,14.34,light rain
223,Youkounkoun,GN,12.5333,-13.1333,83.05,56,89,7.65,overcast clouds
224,Waingapu,ID,-9.6567,120.2641,76.96,85,62,4.05,broken clouds
225,Alihe,CN,50.5667,123.7167,44.96,95,100,10.22,light rain
226,Hirara,JP,24.8,125.2833,80.73,92,62,17.63,broken clouds
227,Ucluelet,CA,48.9329,-125.5528,54.09,82,93,4.0,overcast clouds
228,Brae,GB,60.3964,-1.353,46.45,80,100,18.39,light rain
229,Grand Forks,US,47.9417,-97.4337,73.78,73,100,3.44,overcast clouds
230,Dryden,CA,49.7833,-92.7503,59.29,82,100,11.5,thunderstorm
231,Znamenka,RU,52.4167,41.4311,50.83,95,98,6.2,overcast clouds
232,High Level,CA,58.5169,-117.136,58.69,36,48,12.39,scattered clouds
233,Airai,TL,-8.9266,125.4092,59.68,89,100,1.12,overcast clouds
234,Kahului,US,20.8947,-156.47,79.84,72,20,1.99,few clouds
235,Rajapalaiyam,IN,9.45,77.5667,81.86,67,59,6.24,broken clouds
236,Buzmeyin,TM,38.0507,58.2056,77.47,18,0,8.23,clear sky
237,Port Lincoln,AU,-34.7333,135.8667,57.15,74,100,24.32,light rain
238,Staryy Nadym,RU,65.6118,72.6842,48.83,40,12,21.09,few clouds
239,Pran Buri,TH,12.3847,99.9098,79.92,76,97,7.87,overcast clouds
240,Lakes Entrance,AU,-37.8811,147.981,39.16,79,50,5.88,scattered clouds
241,Saskylakh,RU,71.9167,114.0833,12.15,100,88,4.54,overcast clouds
242,Dongsheng,CN,39.8161,109.9776,52.7,26,1,9.46,clear sky
243,Eirunepe,BR,-6.6603,-69.8736,82.85,76,43,3.58,scattered clouds
244,Seoul,KR,37.5683,126.9778,65.59,56,40,3.4,scattered clouds
245,Pevek,RU,69.7008,170.3133,30.87,81,100,1.41,overcast clouds
246,Tiksi,RU,71.6872,128.8694,28.65,86,100,8.59,overcast clouds
247,Zhezkazgan,KZ,47.8043,67.7144,69.37,38,15,9.64,few clouds
248,Port Arthur,CN,38.8,121.2667,62.82,86,77,13.6,broken clouds
249,Gallup,US,35.5281,-108.7426,71.44,23,0,27.63,clear sky
250,Halifax,CA,44.6453,-63.5724,75.69,37,70,3.0,broken clouds
251,Nurobod,UZ,40.9056,69.8023,58.66,66,3,2.44,clear sky
252,Nouadhibou,MR,20.931,-17.0347,66.69,82,6,22.53,clear sky
253,San Quintin,MX,30.4833,-115.95,65.95,64,28,22.03,scattered clouds
254,Nome,US,64.5011,-165.4064,46.17,87,20,6.91,few clouds
255,Aklavik,CA,68.2191,-135.0107,39.2,87,100,5.75,light intensity drizzle
256,Nisia Floresta,BR,-6.0911,-35.2086,85.01,76,34,9.35,scattered clouds
257,Muros,ES,42.7762,-9.0603,66.09,82,63,3.74,broken clouds
258,Svetlaya,RU,46.5389,138.3297,46.02,96,88,7.9,overcast clouds
259,San Lawrenz,MT,36.0553,14.204,72.86,69,0,1.99,clear sky
260,Mangan,IN,27.5167,88.5333,74.08,92,91,0.81,overcast clouds
261,Cidreira,BR,-30.1811,-50.2056,62.53,90,100,11.18,overcast clouds
262,Half Moon Bay,US,37.4636,-122.4286,72.59,68,0,17.27,haze
263,Lavrentiya,RU,65.5833,-171.0,35.38,95,90,4.09,overcast clouds
264,Sitka,US,57.0531,-135.33,49.89,81,100,4.61,overcast clouds
265,Parla,ES,40.236,-3.7675,86.43,23,0,12.66,clear sky
266,Lorengau,PG,-2.0226,147.2712,80.01,80,34,1.97,scattered clouds
267,Enid,US,36.3956,-97.8784,94.01,47,75,33.38,broken clouds
268,Tucuma,BR,-0.1833,-50.05,82.33,75,93,4.21,overcast clouds
269,Vila,PT,42.0304,-8.1588,56.28,61,93,6.71,overcast clouds
270,Korla,CN,41.7597,86.1469,79.03,21,99,11.3,overcast clouds
271,Beloha,MG,-25.1667,45.05,67.03,69,0,11.63,clear sky
272,Lisakovsk,KZ,52.5369,62.4936,64.71,74,67,8.37,broken clouds
273,Forrest City,US,35.0081,-90.7898,82.06,45,0,11.97,clear sky
274,Birin,NP,26.8865,88.0718,62.33,90,48,3.6,scattered clouds
275,Kidal,ML,18.4411,1.4078,104.74,10,16,5.82,few clouds
276,Ianca,RO,45.1333,27.45,67.05,71,84,11.59,broken clouds
277,Tongliao,CN,43.6125,122.2653,49.17,66,22,7.14,few clouds
278,Fairlie,GB,55.756,-4.8556,58.23,71,89,5.99,overcast clouds
279,Sola,VU,-13.8833,167.55,80.33,75,11,3.58,few clouds
280,Saint-Joseph,RE,-21.3667,55.6167,70.18,65,60,15.08,broken clouds
281,Kavaratti,IN,10.5669,72.642,82.87,73,75,4.7,broken clouds
282,Rupert,US,42.6191,-113.6772,51.75,58,40,16.11,scattered clouds
283,Berbera,SO,10.4396,45.0143,90.07,54,41,5.01,scattered clouds
284,Alta Floresta,BR,-9.8756,-56.0861,94.82,38,40,8.05,scattered clouds
285,Vostok,RU,46.4856,135.8833,46.0,93,100,5.77,overcast clouds
286,Sioux Lookout,CA,50.1001,-91.917,58.71,78,100,11.43,overcast clouds
287,Willowmore,ZA,-33.2926,23.4895,44.06,68,55,22.24,broken clouds
288,Algiers,DZ,36.7525,3.042,80.42,42,75,4.61,broken clouds
289,Yulara,AU,-25.2406,130.9889,53.11,41,97,19.77,overcast clouds
290,Alexandria,EG,31.2156,29.9553,77.34,62,0,8.88,clear sky
291,Luderitz,NA,-26.6481,15.1594,59.65,68,0,21.7,clear sky
292,Merauke,ID,-8.4667,140.3333,75.36,85,4,10.74,clear sky
293,Zhuhai,CN,22.2769,113.5678,83.86,94,20,9.22,few clouds
294,Qobustan,AZ,40.0824,49.412,69.85,52,0,3.4,clear sky
295,Szczytno,PL,53.5626,20.9875,53.53,94,0,3.44,clear sky
296,Santa Maria,BR,-29.6842,-53.8069,61.18,94,100,4.5,overcast clouds
297,Hasaki,JP,35.7333,140.8333,63.28,67,1,3.67,clear sky
298,Salalah,OM,17.0151,54.0924,84.29,79,75,8.05,broken clouds
299,Ringsted,DK,55.4426,11.7901,57.78,83,98,5.99,overcast clouds
300,Tindwari,IN,25.6167,80.5333,97.93,16,50,4.56,scattered clouds
301,Zadar,HR,44.1197,15.2422,66.81,77,75,3.44,broken clouds
302,Port Blair,IN,11.6667,92.75,81.64,84,100,15.12,overcast clouds
303,Storm Lake,US,42.6411,-95.2097,82.62,54,0,31.07,clear sky
304,Hudson Bay,CA,52.85,-102.3842,49.15,97,100,6.26,overcast clouds
305,Lakatoro,VU,-16.0999,167.4164,77.94,84,48,5.44,scattered clouds
306,Bonanza,NI,14.0289,-84.591,82.35,73,67,3.85,broken clouds
307,Tevaitoa,PF,-16.7833,-151.5,80.38,69,8,12.21,clear sky
308,Manaus,BR,-3.1019,-60.025,79.3,78,75,3.44,moderate rain
309,Constitucion,CL,-35.3333,-72.4167,52.11,46,0,9.69,clear sky
310,Bella Vista,US,36.4295,-94.2316,86.99,45,20,23.02,few clouds
311,Namibe,AO,-15.1961,12.1522,66.38,83,4,7.43,clear sky
312,Esperance,AU,-33.8667,121.9,55.47,70,100,20.13,overcast clouds
313,Sao Filipe,CV,14.8961,-24.4956,75.45,80,13,13.04,few clouds
314,Salekhard,RU,66.53,66.6019,45.16,47,9,21.39,clear sky
315,Bismarck,US,46.8083,-100.7837,71.44,65,75,17.27,broken clouds
316,Praia Da Vitoria,PT,38.7333,-27.0667,57.76,81,31,17.16,light rain
317,Nagaur,IN,27.2,73.7333,91.42,33,0,16.31,clear sky
318,Guerrero Negro,MX,27.9769,-114.0611,68.02,63,44,21.68,scattered clouds
319,Beringovskiy,RU,63.05,179.3167,37.33,80,41,6.4,scattered clouds
320,Terrace,CA,54.5163,-128.6035,57.11,71,75,6.91,broken clouds
321,Yerbogachen,RU,61.2767,108.0108,43.61,61,40,1.99,scattered clouds
322,Road Town,VG,18.4167,-64.6167,86.04,66,40,13.8,scattered clouds
323,Geraldton,AU,-28.7667,114.6,48.61,76,0,10.36,clear sky
324,Tagusao,PH,9.1924,117.8141,79.68,77,97,3.87,overcast clouds
325,Itarema,BR,-2.9248,-39.9167,82.69,73,27,10.87,scattered clouds
326,Alofi,NU,-19.0595,-169.9187,79.05,80,100,18.81,overcast clouds
327,Marsala,IT,37.7966,12.4352,73.94,75,0,7.27,clear sky
328,Morondava,MG,-20.2833,44.2833,76.57,77,6,5.97,clear sky
329,Burgeo,CA,47.6167,-57.6152,52.63,76,58,18.32,broken clouds
330,Sistranda,NO,63.7256,8.834,53.56,85,95,7.85,overcast clouds
331,Berlevag,NO,70.8578,29.0864,42.75,81,0,12.66,clear sky
332,Southbridge,US,42.0751,-72.0334,78.42,52,23,3.0,few clouds
333,Chernyy Yar,RU,48.0624,46.1091,71.2,36,1,10.94,clear sky
334,Heihe,CN,50.2441,127.4902,55.4,91,100,16.37,moderate rain
335,Bahawalpur,PK,29.4,71.6833,95.63,3,0,6.35,clear sky
336,Ionia,US,42.9873,-85.0711,80.94,52,0,11.5,clear sky
337,Monrovia,LR,6.3005,-10.7969,80.76,82,61,8.66,moderate rain
338,Braganca,BR,-1.0536,-46.7656,82.69,84,92,3.42,overcast clouds
339,Victoria,HK,22.2855,114.1577,84.33,86,69,8.01,broken clouds
340,Farafangana,MG,-22.8167,47.8333,69.03,80,99,5.68,overcast clouds
341,Pinsk,BY,52.1229,26.0951,52.25,78,88,3.91,overcast clouds
342,Valdivia,CL,-39.8142,-73.2459,46.49,65,76,1.52,broken clouds
343,Poum,NC,-20.2333,164.0167,75.87,70,31,4.09,scattered clouds
344,Inongo,CD,-1.95,18.2667,73.54,76,34,3.49,scattered clouds
345,Fukue,JP,32.6881,128.8419,68.05,95,100,21.45,overcast clouds
346,Helong,CN,42.5397,128.9972,51.94,93,86,2.17,overcast clouds
347,Abashiri,JP,44.0213,144.2697,42.94,97,100,14.38,overcast clouds
348,Tooele,US,40.5308,-112.2983,54.9,54,40,9.22,scattered clouds
349,Jega,NG,12.2175,4.3792,97.63,28,69,8.34,broken clouds
350,Ngorongoro,TZ,-3.2397,35.4875,56.73,63,99,4.25,overcast clouds
351,Katsuura,JP,35.1333,140.3,67.3,78,51,6.64,broken clouds
352,La Ronge,CA,55.1001,-105.2842,47.1,96,100,4.47,overcast clouds
353,Mareeba,AU,-17.0,145.4333,61.52,96,81,1.1,broken clouds
354,Tawang,IN,27.5833,91.8667,53.8,96,98,0.4,overcast clouds
355,Bathsheba,BB,13.2167,-59.5167,86.61,66,75,17.27,broken clouds
356,Porto Novo,BJ,6.4965,2.6036,80.91,76,34,7.7,scattered clouds
357,Karatsu,JP,33.4425,129.9697,64.29,74,100,4.83,light rain
358,Carrick-On-Suir,IE,52.3492,-7.4131,59.52,69,44,4.99,scattered clouds
359,Lima,PE,-12.0432,-77.0282,66.45,68,0,4.61,clear sky
360,Meulaboh,ID,4.1363,96.1285,77.0,78,97,4.43,overcast clouds
361,Broken Hill,AU,-31.95,141.4333,52.32,75,98,33.53,overcast clouds
362,Baherden,TM,38.4362,57.4316,77.67,19,0,7.43,clear sky
363,Kabinda,CD,-6.1333,24.4833,72.27,71,92,4.16,overcast clouds
364,Policarpa,CO,1.6323,-77.462,80.83,62,60,3.44,light rain
365,Storforshei,NO,66.4043,14.5233,58.78,51,75,6.91,broken clouds
366,Nantucket,US,41.2835,-70.0995,73.51,65,0,5.75,clear sky
367,Porto Velho,BR,-8.7619,-63.9039,89.65,51,40,2.3,scattered clouds
368,Ust-Kuyga,RU,70.0167,135.6,30.58,92,100,7.43,overcast clouds
369,Greenville,US,35.6127,-77.3663,88.12,43,100,3.44,overcast clouds
370,Luang Prabang,LA,19.8856,102.1347,74.23,94,52,1.63,broken clouds
371,Leh,IN,34.1667,77.5833,51.8,24,1,6.17,clear sky
372,Viedma,AR,-40.8135,-62.9967,47.98,48,78,21.85,broken clouds
373,Lahaina,US,20.8783,-156.6825,80.8,76,87,5.1,overcast clouds
374,Hurghada,EG,27.2574,33.8129,84.52,35,0,8.43,clear sky
375,Severnyy,RU,50.677,36.5532,55.44,88,0,4.47,clear sky
376,Junction City,US,39.0286,-96.8314,87.4,55,40,21.85,scattered clouds
377,Borogontsy,RU,62.6683,131.1683,47.3,95,100,9.6,light rain
378,Malko Tarnovo,BG,41.9833,27.5333,60.49,82,71,6.96,broken clouds
379,Brownfield,US,33.1812,-102.2744,94.95,8,50,24.65,scattered clouds
380,Nelson Bay,AU,-32.7167,152.15,53.1,79,25,1.99,scattered clouds
381,Luanda,AO,-8.8368,13.2343,72.43,84,3,13.76,clear sky
382,Paita,PE,-5.0892,-81.1144,71.1,70,10,12.55,clear sky
383,Mount Gambier,AU,-37.8333,140.7667,48.24,71,90,8.86,overcast clouds
384,Portland,US,45.5234,-122.6762,56.44,85,100,5.75,overcast clouds
385,Bereda,ES,43.2686,-7.5406,59.36,92,41,2.68,scattered clouds
386,Fortuna,US,40.5982,-124.1573,59.94,76,100,14.97,overcast clouds
387,Gat,IL,31.61,34.7642,81.39,8,0,6.69,clear sky
388,Bibiani,GH,6.4635,-2.3194,77.27,85,81,4.45,broken clouds
389,Naze,JP,28.3667,129.4833,74.48,92,97,12.59,overcast clouds
390,Mana,GF,5.6592,-53.7767,81.18,81,53,8.59,broken clouds
391,Khani,GE,41.9563,42.9566,58.57,73,100,7.29,overcast clouds
392,Laredo,US,27.5064,-99.5075,93.49,46,0,16.11,clear sky
393,Okakarara,NA,-20.5833,17.4333,62.24,26,27,4.27,scattered clouds
394,Monroe,US,43.1501,-77.6831,77.58,52,40,8.05,scattered clouds
395,Flin Flon,CA,54.7682,-101.865,57.04,77,100,8.05,overcast clouds
396,Suntar,RU,62.1444,117.6319,45.36,69,100,0.58,overcast clouds
397,Tazovskiy,RU,67.4667,78.7,34.11,78,8,14.85,clear sky
398,Suffolk,US,40.8668,-72.7996,77.34,61,20,8.05,few clouds
399,Huilong,CN,31.8111,121.655,73.92,96,27,5.88,scattered clouds
400,Kolondieba,ML,11.0882,-6.8926,87.44,47,73,14.0,light rain
401,Bria,CF,6.5423,21.9863,75.81,75,16,4.03,few clouds
402,Agadir,MA,30.4202,-9.5982,72.05,63,16,12.46,few clouds
403,Chokurdakh,RU,70.6333,147.9167,30.92,82,86,7.85,overcast clouds
404,Hovd,MN,48.0056,91.6419,66.76,32,23,3.22,few clouds
405,Verkhnyaya Sinyachikha,RU,57.976,61.6673,52.9,78,13,11.61,few clouds
406,Kupang,ID,-10.1667,123.5833,76.32,87,52,3.87,broken clouds
407,Vao,NC,-22.6667,167.4833,73.89,77,99,6.85,overcast clouds
408,Nigde,TR,37.8333,34.75,66.31,44,22,4.32,few clouds
409,Coos Bay,US,43.3665,-124.2179,53.58,88,100,13.8,overcast clouds
410,Ballina,AU,-28.8667,153.5667,56.79,68,83,10.65,broken clouds
411,Arman,RU,59.7,150.1667,35.76,96,100,4.59,overcast clouds
412,Cao Bang,VN,22.6667,106.25,76.14,99,100,2.89,overcast clouds
413,Bollnas,SE,61.3482,16.3946,52.32,67,97,6.29,overcast clouds
414,Hoquiam,US,46.9809,-123.8893,54.36,78,100,16.11,overcast clouds
415,Yarim,YE,14.298,44.3779,63.5,47,95,0.72,overcast clouds
416,Juneau,US,58.3019,-134.4197,63.84,66,20,9.22,few clouds
417,Hamilton,US,39.1834,-84.5333,82.6,59,20,11.5,few clouds
418,Vila Franca Do Campo,PT,37.7167,-25.4333,59.41,68,24,15.48,light rain
419,Sao Joao Da Barra,BR,-21.6403,-41.0511,82.49,74,0,14.45,clear sky
420,Marawi,PH,7.9986,124.2928,68.79,94,100,0.87,overcast clouds
421,Spornoye,RU,50.8448,37.2913,51.42,93,76,5.3,broken clouds
422,Rokytne,UA,51.2796,27.214,53.29,69,100,2.8,overcast clouds
423,Mahibadhoo,MV,3.7833,72.9667,83.01,75,98,12.68,moderate rain
424,Susner,IN,23.95,76.0833,94.73,29,52,15.66,broken clouds
425,Seydi,TM,39.4816,62.9137,76.91,20,0,15.75,clear sky
426,Boden,SE,65.8252,21.6886,64.4,73,73,8.77,broken clouds
427,Tilichiki,RU,60.4667,166.1,35.71,98,100,0.18,light rain
428,Cabarroguis,PH,16.5833,121.5,76.1,87,62,2.89,light rain
429,Sena Madureira,BR,-9.0656,-68.6569,91.71,41,59,3.09,broken clouds
430,Santona,ES,43.4439,-3.4576,70.7,70,1,9.73,clear sky
431,Sao Paulo De Olivenca,BR,-3.3783,-68.8725,87.49,57,97,1.32,overcast clouds
432,Iraray,PH,8.9936,118.0511,77.85,79,89,3.13,overcast clouds
433,Blackwater,AU,-23.5833,148.8833,61.81,57,91,4.59,overcast clouds
434,Batemans Bay,AU,-35.7167,150.1833,50.09,76,5,6.8,clear sky
435,Acajutla,SV,13.5928,-89.8275,86.16,63,38,9.01,scattered clouds
436,Lagoa,PT,39.05,-27.9833,57.27,67,36,26.17,light rain
437,Dourbali,TD,11.8091,15.8632,96.57,8,21,4.9,few clouds
438,Siyabuswa,ZA,-25.1132,29.0445,65.23,43,0,6.62,clear sky
439,Port-Cartier,CA,50.0334,-66.8654,60.91,50,37,16.78,scattered clouds
440,Rundu,NA,-17.9333,19.7667,64.87,29,0,3.85,clear sky
441,Boyolangu,ID,-8.1181,111.8935,75.2,91,69,4.68,broken clouds
442,Tabou,CI,4.423,-7.3528,81.37,80,57,7.07,broken clouds
443,Kelo,TD,9.3086,15.8066,95.27,22,82,1.95,broken clouds
444,Namatanai,PG,-3.6667,152.4333,78.03,86,98,6.22,light rain
445,Cockburn Town,TC,21.4612,-71.1419,84.16,65,75,18.41,broken clouds
446,Victor Harbor,AU,-35.5667,138.6167,53.01,93,100,10.27,moderate rain
447,Ketchikan,US,55.3422,-131.6461,54.07,82,75,6.91,broken clouds
448,Burnie,AU,-41.0667,145.9167,41.92,72,33,4.81,scattered clouds
449,Palu,ID,-0.8917,119.8707,75.69,87,99,2.82,overcast clouds
450,Tsabong,BW,-26.0217,22.401,57.72,40,0,13.38,clear sky
451,Sungaipenuh,ID,-2.0833,101.3833,62.92,97,72,1.57,broken clouds
452,Pirenopolis,BR,-15.8525,-48.9592,86.49,19,7,4.5,clear sky
453,Qasigiannguit,GL,68.8193,-51.1922,35.85,83,9,2.46,clear sky
454,Belmonte,BR,-15.8631,-38.8828,78.78,81,33,7.31,scattered clouds
455,Rancho Santa Margarita,US,33.6409,-117.6031,70.95,66,60,5.99,broken clouds
456,Rabaul,PG,-4.1967,152.1721,77.13,86,98,8.14,moderate rain
457,Griffith,US,41.5284,-87.4237,84.13,54,0,17.27,clear sky
458,Chizhou,CN,30.6578,117.4831,71.78,97,13,4.18,few clouds
459,Jerome,US,42.7241,-114.5186,52.63,57,20,25.32,few clouds
460,Dali,CN,25.7,100.1833,61.9,83,4,4.54,clear sky
461,Bezhetsk,RU,57.7851,36.6965,47.48,92,88,8.43,overcast clouds
462,Ierapetra,GR,35.01,25.7353,78.15,60,0,3.02,clear sky
463,Port Hardy,CA,50.6996,-127.4199,51.98,76,100,8.05,overcast clouds
464,Pompeu,BR,-19.2244,-44.9353,79.9,30,0,5.37,clear sky
465,Arlit,NE,18.7369,7.3853,100.42,9,5,6.06,clear sky
466,Skibbereen,IE,51.55,-9.2667,59.11,66,21,4.12,few clouds
467,Cerchezu,RO,43.8167,28.1,64.27,85,54,15.28,broken clouds
468,Dingle,PH,10.9995,122.6711,77.11,86,99,3.76,moderate rain
469,Conde,BR,-7.2597,-34.9075,76.46,94,100,11.5,light rain
470,Deputatskiy,RU,69.3,139.9,26.38,93,45,1.39,scattered clouds
471,Eureka,US,40.8021,-124.1637,61.75,82,31,11.01,scattered clouds
472,Myaundzha,RU,63.0494,147.1858,37.67,88,100,5.1,overcast clouds
473,Hope,US,33.6671,-93.5916,89.98,42,17,9.71,few clouds
474,Sorkjosen,NO,69.8,20.9333,51.8,71,0,6.91,clear sky
475,Oranjestad,AW,12.524,-70.027,89.55,58,20,18.41,few clouds
476,Guarapari,BR,-20.6667,-40.4975,77.9,74,10,16.2,clear sky
477,Tashara,RU,55.5195,83.5094,55.24,77,77,12.46,broken clouds
478,Kitimat,CA,54.0524,-128.6534,57.58,77,100,4.36,overcast clouds
479,Durango,MX,24.8333,-104.8333,81.27,16,60,4.18,broken clouds
480,Boca Do Acre,BR,-8.7522,-67.3978,93.47,39,76,1.1,broken clouds
481,Husavik,IS,66.0449,-17.3389,50.27,43,26,5.55,scattered clouds
482,Albury,AU,-36.0833,146.9167,47.01,100,74,7.0,broken clouds
483,Makaha,US,21.4694,-158.2175,75.97,78,75,0.0,broken clouds
484,Ikongo,MG,-21.8833,47.4333,62.31,99,98,1.7,overcast clouds
485,Carrollton,US,32.9537,-96.8903,91.69,52,0,23.02,clear sky
486,Monte Alegre,BR,-2.0078,-54.0692,82.24,77,60,6.22,broken clouds
487,Tiznit,MA,29.5833,-9.5,66.27,60,8,11.48,clear sky
488,Tapes,BR,-30.6733,-51.3958,60.44,91,100,11.63,overcast clouds
489,Cayenne,GF,4.9333,-52.3333,82.44,1,75,12.66,broken clouds
490,Nizhnyaya Poyma,RU,56.1622,97.1933,50.05,50,94,4.7,overcast clouds
491,Artyom,AZ,40.4723,50.333,64.54,55,0,8.5,clear sky
492,Garango,BF,11.8,-0.5506,98.58,28,16,7.47,few clouds
493,Vardo,NO,70.3705,31.1107,42.78,81,0,10.36,clear sky
494,Freeport,US,40.6576,-73.5832,78.58,51,0,13.8,clear sky
495,Ossora,RU,59.2353,163.0719,39.06,90,100,4.76,overcast clouds
496,Kargasok,RU,59.0556,80.8572,55.45,74,56,7.34,broken clouds
497,Manzanillo,CU,20.3433,-77.1167,88.68,51,96,4.25,overcast clouds
498,Diamantino,BR,-14.4086,-56.4461,93.65,31,8,7.76,clear sky
499,Mwanza,TZ,-2.5167,32.9,65.86,89,100,3.83,overcast clouds
500,General Pico,AR,-35.6566,-63.7568,53.44,22,0,8.14,clear sky
501,Sorong,ID,-0.8833,131.25,78.76,80,37,1.86,scattered clouds
502,Jasidih,IN,24.5167,86.65,86.02,56,12,13.49,few clouds
503,Bijapur,IN,16.8333,75.7,81.55,57,18,22.97,few clouds
504,Poitiers,FR,46.5833,0.3333,64.78,38,0,14.97,clear sky
505,Bintulu,MY,3.1667,113.0333,77.41,100,20,3.44,few clouds
506,Aflao,TG,6.116,1.1914,82.45,73,43,12.5,scattered clouds
507,Kutum,SD,14.2,24.6667,84.76,11,6,7.11,clear sky
508,Okhotsk,RU,59.3833,143.3,37.18,88,100,5.35,overcast clouds
509,Shingu,JP,33.7333,135.9833,63.14,89,19,6.53,few clouds
510,Saint-Augustin,CA,51.226,-58.6502,51.26,62,99,16.64,overcast clouds
511,Isangel,VU,-19.55,169.2667,76.41,87,3,2.42,clear sky
512,Champerico,GT,14.3,-91.9167,91.94,64,100,7.7,overcast clouds
513,Paamiut,GL,61.994,-49.6678,37.44,82,8,5.91,clear sky
514,Davila,PH,18.4726,120.5763,78.78,78,100,9.13,moderate rain
515,Sal Rei,CV,16.1833,-22.9167,77.2,69,20,14.97,few clouds
516,Verkhoyansk,RU,67.5447,133.385,39.13,75,44,5.84,scattered clouds
517,Paris,FR,48.8534,2.3488,62.15,49,0,11.5,clear sky
518,Ahuimanu,US,21.4447,-157.8378,75.78,90,40,4.61,light rain
519,Joshimath,IN,30.5667,79.5667,64.83,79,87,1.77,overcast clouds
520,Tromso,NO,69.6496,18.957,56.37,66,0,20.71,clear sky
521,Silvan,TR,38.1419,41.0081,71.89,28,0,4.63,clear sky
522,Banda Aceh,ID,5.5577,95.3222,79.7,77,92,12.95,overcast clouds
523,Kasama,ZM,-10.2129,31.1808,59.32,60,8,5.77,clear sky
524,Henties Bay,NA,-22.116,14.2845,57.43,85,0,8.1,clear sky
525,Fasa,IR,28.9383,53.6482,70.84,11,0,4.61,clear sky
526,Nyborg,DK,55.3127,10.7896,54.79,82,98,7.61,light rain
527,Carinhanha,BR,-14.3047,-43.765,90.3,23,0,1.79,clear sky
528,Broome,US,42.2506,-75.833,77.38,52,8,1.99,clear sky
529,Farah,AF,32.5,62.5,70.86,14,0,4.97,clear sky
530,Byron Bay,AU,-28.65,153.6167,56.71,64,94,8.39,overcast clouds
531,Saint-Denis,FR,48.9167,2.3333,62.15,49,0,8.05,clear sky
532,Mandalgovi,MN,45.7625,106.2708,45.88,40,0,8.05,clear sky
533,Arkhangelsk,RU,64.5401,40.5433,60.91,63,40,4.47,scattered clouds
534,Jalu,LY,29.0331,21.5482,90.14,20,10,22.66,clear sky
535,Ojinaga,MX,29.5667,-104.4167,97.75,13,0,12.66,clear sky
536,Khandyga,RU,62.6667,135.6,47.28,94,100,4.41,light rain
537,Abu Samrah,SY,35.3029,37.1841,84.79,22,1,10.11,clear sky
538,San Cristobal,VE,7.7669,-72.225,84.38,37,43,9.51,scattered clouds
539,Kango,GA,0.1943,10.0951,77.32,84,90,4.05,overcast clouds
540,Takoradi,GH,4.8845,-1.7554,80.33,79,71,7.76,broken clouds
541,Pocone,BR,-16.2567,-56.6228,95.61,29,13,9.98,few clouds
542,Neiafu,TO,-18.65,-173.9833,81.28,83,75,9.22,broken clouds
543,Kintampo,GH,8.0563,-1.7306,84.15,62,46,3.27,scattered clouds
544,Mecca,SA,21.4267,39.8261,91.65,17,6,7.94,clear sky
545,Helena,US,46.5927,-112.0361,49.19,88,100,6.91,light rain
546,Irmo,US,34.086,-81.1832,93.51,44,75,0.0,broken clouds
547,Bolshevik,BY,54.0065,27.5692,51.42,90,94,6.85,overcast clouds
548,Bubaque,GW,11.2833,-15.8333,81.77,79,85,12.37,overcast clouds
549,Imphal,IN,24.8167,93.95,68.59,85,4,1.68,clear sky
